Datetime,Water Level (m)
2025-03-13 12:00:00,-0.01839847
2025-03-13 13:00:00,-0.17954971
2025-03-13 14:00:00,-0.3330314
2025-03-13 15:00:00,-0.43510854
2025-03-13 16:00:00,-0.3921319
2025-03-13 17:00:00,-0.21261111
2025-03-13 18:00:00,-9.817653e-05
2025-03-13 19:00:00,0.22068231
2025-03-13 20:00:00,0.45171168
2025-03-13 21:00:00,0.5514871
2025-03-13 22:00:00,0.44336358
2025-03-13 23:00:00,0.29070088
2025-03-14 00:00:00,0.11286485
2025-03-14 01:00:00,-0.06798698
2025-03-14 02:00:00,-0.24168384
2025-03-14 03:00:00,-0.38163173
2025-03-14 04:00:00,-0.4392206
2025-03-14 05:00:00,-0.2907169
2025-03-14 06:00:00,-0.090438545
2025-03-14 07:00:00,0.12661958
2025-03-14 08:00:00,0.33289224
2025-03-14 09:00:00,0.44622132
2025-03-14 10:00:00,0.3723947
2025-03-14 11:00:00,0.23692101
2025-03-14 12:00:00,0.07580547
2025-03-14 13:00:00,-0.09420989
2025-03-14 14:00:00,-0.261606
2025-03-14 15:00:00,-0.3994103
2025-03-14 16:00:00,-0.46371397
2025-03-14 17:00:00,-0.32982907
2025-03-14 18:00:00,-0.12305744
2025-03-14 19:00:00,0.11054262
2025-03-14 20:00:00,0.34960014
2025-03-14 21:00:00,0.5116521
2025-03-14 22:00:00,0.46449488
2025-03-14 23:00:00,0.3201724
2025-03-15 00:00:00,0.15565614
2025-03-15 01:00:00,-0.026953744
2025-03-15 02:00:00,-0.2027874
2025-03-15 03:00:00,-0.35798845
2025-03-15 04:00:00,-0.4686282
2025-03-15 05:00:00,-0.41540048
2025-03-15 06:00:00,-0.2243165
2025-03-15 07:00:00,-0.0028827037
2025-03-15 08:00:00,0.21177194
2025-03-15 09:00:00,0.41354525
2025-03-15 10:00:00,0.43260702
2025-03-15 11:00:00,0.3079539
2025-03-15 12:00:00,0.16162676
2025-03-15 13:00:00,-0.009594584
2025-03-15 14:00:00,-0.17901531
2025-03-15 15:00:00,-0.33609995
2025-03-15 16:00:00,-0.44384336
2025-03-15 17:00:00,-0.3944178
2025-03-15 18:00:00,-0.20592038
2025-03-15 19:00:00,0.017074777
2025-03-15 20:00:00,0.24231736
2025-03-15 21:00:00,0.45389274
2025-03-15 22:00:00,0.48839262
2025-03-15 23:00:00,0.352815
2025-03-16 00:00:00,0.20078355
2025-03-16 01:00:00,0.019885836
2025-03-16 02:00:00,-0.1542908
2025-03-16 03:00:00,-0.32172656
2025-03-16 04:00:00,-0.45525506
2025-03-16 05:00:00,-0.48664397
2025-03-16 06:00:00,-0.32669342
2025-03-16 07:00:00,-0.10778066
2025-03-16 08:00:00,0.1260015
2025-03-16 09:00:00,0.35628402
2025-03-16 10:00:00,0.4807315
2025-03-16 11:00:00,0.40015414
2025-03-16 12:00:00,0.26239944
2025-03-16 13:00:00,0.0950664
2025-03-16 14:00:00,-0.0779409
2025-03-16 15:00:00,-0.24550384
2025-03-16 16:00:00,-0.38058287
2025-03-16 17:00:00,-0.4346002
2025-03-16 18:00:00,-0.27990696
2025-03-16 19:00:00,-0.076049
2025-03-16 20:00:00,0.15556867
2025-03-16 21:00:00,0.38436094
2025-03-16 22:00:00,0.5062779
2025-03-16 23:00:00,0.41224188
2025-03-17 00:00:00,0.2695783
2025-03-17 01:00:00,0.09770048
2025-03-17 02:00:00,-0.07981097
2025-03-17 03:00:00,-0.25199068
2025-03-17 04:00:00,-0.39705527
2025-03-17 05:00:00,-0.48507333
2025-03-17 06:00:00,-0.38880846
2025-03-17 07:00:00,-0.18982673
2025-03-17 08:00:00,0.03923779
2025-03-17 09:00:00,0.26757094
2025-03-17 10:00:00,0.46094796
2025-03-17 11:00:00,0.46308675
2025-03-17 12:00:00,0.3332682
2025-03-17 13:00:00,0.18073127
2025-03-17 14:00:00,0.0062097115
2025-03-17 15:00:00,-0.16143487
2025-03-17 16:00:00,-0.31768242
2025-03-17 17:00:00,-0.41522685
2025-03-17 18:00:00,-0.3382733
2025-03-17 19:00:00,-0.15431608
2025-03-17 20:00:00,0.05311978
2025-03-17 21:00:00,0.25882536
2025-03-17 22:00:00,0.4233412
2025-03-17 23:00:00,0.40241873
2025-03-18 00:00:00,0.27097613
2025-03-18 01:00:00,0.118408576
2025-03-18 02:00:00,-0.049041606
2025-03-18 03:00:00,-0.21855536
2025-03-18 04:00:00,-0.36451486
2025-03-18 05:00:00,-0.47835103
2025-03-18 06:00:00,-0.44432318
2025-03-18 07:00:00,-0.2665782
2025-03-18 08:00:00,-0.051254775
2025-03-18 09:00:00,0.17819548
2025-03-18 10:00:00,0.3925226
2025-03-18 11:00:00,0.48290795
2025-03-18 12:00:00,0.38639855
2025-03-18 13:00:00,0.24745728
2025-03-18 14:00:00,0.08243186
2025-03-18 15:00:00,-0.08601666
2025-03-18 16:00:00,-0.24317235
2025-03-18 17:00:00,-0.36796534
2025-03-18 18:00:00,-0.3702292
2025-03-18 19:00:00,-0.21070968
2025-03-18 20:00:00,-0.0230059
2025-03-18 21:00:00,0.18139926
2025-03-18 22:00:00,0.3456259
2025-03-18 23:00:00,0.4012062
2025-03-19 00:00:00,0.29018614
2025-03-19 01:00:00,0.15048558
2025-03-19 02:00:00,-0.0065791886
2025-03-19 03:00:00,-0.1686621
2025-03-19 04:00:00,-0.32629803
2025-03-19 05:00:00,-0.44919136
2025-03-19 06:00:00,-0.49501276
2025-03-19 07:00:00,-0.36887273
2025-03-19 08:00:00,-0.1819765
2025-03-19 09:00:00,0.029858671
2025-03-19 10:00:00,0.2255429
2025-03-19 11:00:00,0.37529016
2025-03-19 12:00:00,0.37051734
